Id,PostId,VoteTypeId,UserId,CreationDate,BountyAmount
"154243649","48054252","1","","2018-01-02 00:00:00",""
"154243650","48052253","2","","2018-01-02 00:00:00",""
"154243651","14472089","2","","2018-01-02 00:00:00",""
"154243652","10418669","2","","2018-01-02 00:00:00",""
"154243653","12415626","2","","2018-01-02 00:00:00",""
"154243654","16607408","2","","2018-01-02 00:00:00",""
"154243655","30300521","2","","2018-01-02 00:00:00",""
"154243656","39327148","2","","2018-01-02 00:00:00",""
"154243657","39327197","2","","2018-01-02 00:00:00",""
"154243658","6890120","2","","2018-01-02 00:00:00",""
"154243660","36314643","2","","2018-01-02 00:00:00",""
"154243662","19175084","5","3207158","2018-01-02 00:00:00",""
"154243663","16589915","2","","2018-01-02 00:00:00",""
"154243664","15640498","2","","2018-01-02 00:00:00",""
"154243666","13789618","2","","2018-01-02 00:00:00",""
"154243667","46889856","2","","2018-01-02 00:00:00",""
"154243668","13898916","2","","2018-01-02 00:00:00",""
"154243669","23137100","2","","2018-01-02 00:00:00",""
"154243670","30089406","2","","2018-01-02 00:00:00",""
"154243671","24328303","2","","2018-01-02 00:00:00",""
"154243672","48052580","1","","2018-01-02 00:00:00",""
"154243673","3559096","2","","2018-01-02 00:00:00",""
"154243674","3559076","2","","2018-01-02 00:00:00",""
"154243675","3559076","5","512994","2018-01-02 00:00:00",""
"154243676","22939130","5","1762653","2018-01-02 00:00:00",""
"154243677","13789618","5","7141930","2018-01-02 00:00:00",""
"154243678","48054256","2","","2018-01-02 00:00:00",""
"154243679","48053119","2","","2018-01-02 00:00:00",""
"154243680","48049511","3","","2018-01-02 00:00:00",""
"154243681","48053693","2","","2018-01-02 00:00:00",""
"154243682","575859","2","","2018-01-02 00:00:00",""
"154243683","48053693","1","","2018-01-02 00:00:00",""
"154243684","10492839","2","","2018-01-02 00:00:00",""
"154243685","48054183","3","","2018-01-02 00:00:00",""
"154243687","48053450","2","","2018-01-02 00:00:00",""
"154243688","48053450","1","","2018-01-02 00:00:00",""
"154243689","23318109","2","","2018-01-02 00:00:00",""
"154243690","41970093","2","","2018-01-02 00:00:00",""
"154243691","22675563","2","","2018-01-02 00:00:00",""
"154243692","33743493","2","","2018-01-02 00:00:00",""
"154243693","38774993","2","","2018-01-02 00:00:00",""
"154243694","47965694","2","","2018-01-02 00:00:00",""
"154243696","12213597","2","","2018-01-02 00:00:00",""
"154243697","31765712","2","","2018-01-02 00:00:00",""
"154243698","31765712","5","6368005","2018-01-02 00:00:00",""
"154243699","11241990","2","","2018-01-02 00:00:00",""
"154243700","48052498","2","","2018-01-02 00:00:00",""
"154243701","12216578","2","","2018-01-02 00:00:00",""
"154243702","10492870","2","","2018-01-02 00:00:00",""
"154243703","15828389","2","","2018-01-02 00:00:00",""
"154243704","48054215","2","","2018-01-02 00:00:00",""
"154243705","48054232","10","","2018-01-02 00:00:00",""
"154243706","37734166","5","7956877","2018-01-02 00:00:00",""
"154243707","48053927","3","","2018-01-02 00:00:00",""
"154243708","48054105","3","","2018-01-02 00:00:00",""
"154243709","2474015","2","","2018-01-02 00:00:00",""
"154243710","48054133","2","","2018-01-02 00:00:00",""
"154243711","48052529","2","","2018-01-02 00:00:00",""
"154243712","11556629","2","","2018-01-02 00:00:00",""
"154243713","47759249","3","","2018-01-02 00:00:00",""
"154243714","14283285","2","","2018-01-02 00:00:00",""
"154243715","48053900","5","6738706","2018-01-02 00:00:00",""
"154243716","26104098","2","","2018-01-02 00:00:00",""
"154243717","10492865","2","","2018-01-02 00:00:00",""
"154243718","6768793","2","","2018-01-02 00:00:00",""
"154243719","10492892","2","","2018-01-02 00:00:00",""
"154243721","35470605","2","","2018-01-02 00:00:00",""
"154243722","48053897","3","","2018-01-02 00:00:00",""
"154243723","43407155","2","","2018-01-02 00:00:00",""
"154243724","26760073","2","","2018-01-02 00:00:00",""
"154243725","9664996","2","","2018-01-02 00:00:00",""
"154243726","4326845","2","","2018-01-02 00:00:00",""
"154243727","47199250","2","","2018-01-02 00:00:00",""
"154243728","23613658","2","","2018-01-02 00:00:00",""
"154243729","46455497","2","","2018-01-02 00:00:00",""
"154243730","11091623","2","","2018-01-02 00:00:00",""
"154243731","47673931","2","","2018-01-02 00:00:00",""
"154243732","37372259","2","","2018-01-02 00:00:00",""
"154243733","6768831","2","","2018-01-02 00:00:00",""
"154243734","179147","2","","2018-01-02 00:00:00",""
"154243735","7642299","3","","2018-01-02 00:00:00",""
"154243736","48050526","3","","2018-01-02 00:00:00",""
"154243737","32073740","2","","2018-01-02 00:00:00",""
"154243738","45465768","2","","2018-01-02 00:00:00",""
"154243739","31354559","5","7558413","2018-01-02 00:00:00",""
"154243740","48054260","3","","2018-01-02 00:00:00",""
"154243741","47658890","2","","2018-01-02 00:00:00",""
"154243742","20035319","2","","2018-01-02 00:00:00",""
"154243744","48054256","10","","2018-01-02 00:00:00",""
"154243745","13878585","2","","2018-01-02 00:00:00",""
"154243746","7301218","2","","2018-01-02 00:00:00",""
"154243748","2811319","2","","2018-01-02 00:00:00",""
"154243749","48053645","3","","2018-01-02 00:00:00",""
"154243750","2811372","2","","2018-01-02 00:00:00",""
"154243751","37405385","2","","2018-01-02 00:00:00",""
"154243752","9444259","2","","2018-01-02 00:00:00",""
"154243753","14748732","2","","2018-01-02 00:00:00",""
"154243756","27986163","2","","2018-01-02 00:00:00",""
"154243757","14703806","2","","2018-01-02 00:00:00",""
"154243758","13387365","3","","2018-01-02 00:00:00",""
"154243759","17511281","2","","2018-01-02 00:00:00",""
"154243761","31049571","2","","2018-01-02 00:00:00",""
"154243762","2341388","2","","2018-01-02 00:00:00",""
"154243763","2667355","2","","2018-01-02 00:00:00",""
"154243764","48054260","3","","2018-01-02 00:00:00",""
"154243765","2667376","2","","2018-01-02 00:00:00",""
"154243767","48053746","3","","2018-01-02 00:00:00",""
"154243768","44212202","2","","2018-01-02 00:00:00",""
"154243769","7394504","2","","2018-01-02 00:00:00",""
"154243770","48052022","2","","2018-01-02 00:00:00",""
"154243771","48054144","2","","2018-01-02 00:00:00",""
"154243772","44212249","2","","2018-01-02 00:00:00",""
"154243773","1495470","2","","2018-01-02 00:00:00",""
"154243774","2667374","2","","2018-01-02 00:00:00",""
"154243775","48054246","3","","2018-01-02 00:00:00",""
"154243776","48053624","2","","2018-01-02 00:00:00",""
"154243777","15211760","2","","2018-01-02 00:00:00",""
"154243778","48053804","10","","2018-01-02 00:00:00",""
"154243779","48054215","2","","2018-01-02 00:00:00",""
"154243780","41461002","2","","2018-01-02 00:00:00",""
"154243781","48053795","16","","2018-01-02 00:00:00",""
"154243782","48052491","2","","2018-01-02 00:00:00",""
"154243783","35189008","2","","2018-01-02 00:00:00",""
"154243784","4744499","2","","2018-01-02 00:00:00",""
"154243785","46318981","16","","2018-01-02 00:00:00",""
"154243786","1982081","2","","2018-01-02 00:00:00",""
"154243787","44184514","2","","2018-01-02 00:00:00",""
"154243788","44184310","2","","2018-01-02 00:00:00",""
"154243789","44183795","2","","2018-01-02 00:00:00",""
"154243790","5466329","2","","2018-01-02 00:00:00",""
"154243791","42646205","2","","2018-01-02 00:00:00",""
"154243792","5596984","2","","2018-01-02 00:00:00",""
"154243793","32951824","2","","2018-01-02 00:00:00",""
"154243794","48052835","16","","2018-01-02 00:00:00",""
"154243795","45998383","2","","2018-01-02 00:00:00",""
"154243796","925609","2","","2018-01-02 00:00:00",""
"154243797","48052924","16","","2018-01-02 00:00:00",""
"154243798","48054276","3","","2018-01-02 00:00:00",""
"154243799","14442835","2","","2018-01-02 00:00:00",""
"154243800","16472013","2","","2018-01-02 00:00:00",""
"154243801","3980713","2","","2018-01-02 00:00:00",""
"154243802","48052353","5","6738706","2018-01-02 00:00:00",""
"154243803","26862272","2","","2018-01-02 00:00:00",""
"154243804","16472012","2","","2018-01-02 00:00:00",""
"154243805","4491523","2","","2018-01-02 00:00:00",""
"154243806","4491260","2","","2018-01-02 00:00:00",""
"154243807","8926890","2","","2018-01-02 00:00:00",""
"154243808","8926890","5","3501","2018-01-02 00:00:00",""
"154243809","5767357","2","","2018-01-02 00:00:00",""
"154243810","39842357","2","","2018-01-02 00:00:00",""
"154243811","48053746","2","","2018-01-02 00:00:00",""
"154243812","44200712","2","","2018-01-02 00:00:00",""
"154243813","48046696","3","","2018-01-02 00:00:00",""
"154243814","44200712","5","83944","2018-01-02 00:00:00",""
"154243815","16945518","2","","2018-01-02 00:00:00",""
"154243816","48053678","2","","2018-01-02 00:00:00",""
"154243817","46597777","2","","2018-01-02 00:00:00",""
"154243818","44982239","16","","2018-01-02 00:00:00",""
"154243819","28798341","2","","2018-01-02 00:00:00",""
"154243820","48052576","16","","2018-01-02 00:00:00",""
"154243821","25644806","16","","2018-01-02 00:00:00",""
"154243822","37610820","2","","2018-01-02 00:00:00",""
"154243823","48053782","3","","2018-01-02 00:00:00",""
"154243824","47746772","16","","2018-01-02 00:00:00",""
"154243825","48054090","16","","2018-01-02 00:00:00",""
"154243826","48054109","16","","2018-01-02 00:00:00",""
"154243827","27944091","16","","2018-01-02 00:00:00",""
"154243828","725472","2","","2018-01-02 00:00:00",""
"154243829","725472","5","6661026","2018-01-02 00:00:00",""
"154243830","48054238","2","","2018-01-02 00:00:00",""
"154243831","48054238","5","6309","2018-01-02 00:00:00",""
"154243832","8356722","2","","2018-01-02 00:00:00",""
"154243833","21031488","2","","2018-01-02 00:00:00",""
"154243834","48054272","3","","2018-01-02 00:00:00",""
"154243835","48050116","16","","2018-01-02 00:00:00",""
"154243836","48052836","2","","2018-01-02 00:00:00",""
"154243837","21153189","2","","2018-01-02 00:00:00",""
"154243838","36924022","2","","2018-01-02 00:00:00",""
"154243839","48053334","10","","2018-01-02 00:00:00",""
"154243840","38768308","2","","2018-01-02 00:00:00",""
"154243841","48052915","2","","2018-01-02 00:00:00",""
"154243842","48053742","2","","2018-01-02 00:00:00",""
"154243843","41482699","2","","2018-01-02 00:00:00",""
"154243844","48054246","3","","2018-01-02 00:00:00",""
"154243845","38768721","2","","2018-01-02 00:00:00",""
"154243846","48017631","1","","2018-01-02 00:00:00",""
"154243847","42606838","2","","2018-01-02 00:00:00",""
"154243848","42606837","2","","2018-01-02 00:00:00",""
"154243849","48028819","1","","2018-01-02 00:00:00",""
"154243850","23935141","2","","2018-01-02 00:00:00",""
"154243851","48053886","16","","2018-01-02 00:00:00",""
"154243852","23938978","2","","2018-01-02 00:00:00",""
"154243853","24862910","2","","2018-01-02 00:00:00",""
"154243854","24826057","2","","2018-01-02 00:00:00",""
"154243855","48054280","2","","2018-01-02 00:00:00",""
"154243856","15621970","2","","2018-01-02 00:00:00",""
"154243857","48028819","2","","2018-01-02 00:00:00",""
"154243858","36908","2","","2018-01-02 00:00:00",""
"154243859","37768604","16","","2018-01-02 00:00:00",""
"154243860","36901","2","","2018-01-02 00:00:00",""
"154243861","16758673","2","","2018-01-02 00:00:00",""
"154243862","10746695","2","","2018-01-02 00:00:00",""
"154243863","48053055","10","","2018-01-02 00:00:00",""
"154243864","46536316","2","","2018-01-02 00:00:00",""
"154243865","36926","2","","2018-01-02 00:00:00",""
"154243866","21993000","2","","2018-01-02 00:00:00",""
"154243867","46536316","5","8372104","2018-01-02 00:00:00",""
"154243868","37456099","2","","2018-01-02 00:00:00",""
"154243869","37012586","2","","2018-01-02 00:00:00",""
"154243870","28303755","2","","2018-01-02 00:00:00",""
"154243871","48054183","3","","2018-01-02 00:00:00",""
"154243872","5245862","2","","2018-01-02 00:00:00",""
"154243873","5245845","2","","2018-01-02 00:00:00",""
"154243874","48050131","2","","2018-01-02 00:00:00",""
"154243875","48054271","2","","2018-01-02 00:00:00",""
"154243876","4326907","2","","2018-01-02 00:00:00",""
"154243877","17863618","2","","2018-01-02 00:00:00",""
"154243879","38535237","2","","2018-01-02 00:00:00",""
"154243881","4594262","2","","2018-01-02 00:00:00",""
"154243882","47682305","10","","2018-01-02 00:00:00",""
"154243883","18390249","2","","2018-01-02 00:00:00",""
"154243884","48052724","2","","2018-01-02 00:00:00",""
"154243885","9967115","2","","2018-01-02 00:00:00",""
"154243886","4088699","2","","2018-01-02 00:00:00",""
"154243887","48054096","3","","2018-01-02 00:00:00",""
"154243888","9967078","2","","2018-01-02 00:00:00",""
"154243889","32342797","2","","2018-01-02 00:00:00",""
"154243890","23714832","2","","2018-01-02 00:00:00",""
"154243891","33523430","2","","2018-01-02 00:00:00",""
"154243892","14254061","2","","2018-01-02 00:00:00",""
"154243893","48054137","16","","2018-01-02 00:00:00",""
"154243894","20074413","2","","2018-01-02 00:00:00",""
"154243895","21742107","2","","2018-01-02 00:00:00",""
"154243896","21741841","2","","2018-01-02 00:00:00",""
"154243898","48031103","10","","2018-01-02 00:00:00",""
"154243899","48054292","3","","2018-01-02 00:00:00",""
"154243900","48003844","1","","2018-01-02 00:00:00",""
"154243901","48054292","3","","2018-01-02 00:00:00",""
"154243902","16430846","16","","2018-01-02 00:00:00",""
"154243903","48054280","1","","2018-01-02 00:00:00",""
"154243904","47597992","15","","2018-01-02 00:00:00",""
"154243905","48053829","10","","2018-01-02 00:00:00",""
"154243906","47981629","2","","2018-01-02 00:00:00",""
"154243907","7858323","2","","2018-01-02 00:00:00",""
"154243908","48054151","2","","2018-01-02 00:00:00",""
"154243909","32016807","2","","2018-01-02 00:00:00",""
"154243910","1990948","2","","2018-01-02 00:00:00",""
"154243911","48054292","3","","2018-01-02 00:00:00",""
"154243912","40923555","2","","2018-01-02 00:00:00",""
"154243913","34126504","2","","2018-01-02 00:00:00",""
"154243914","23105433","2","","2018-01-02 00:00:00",""
"154243915","34126826","2","","2018-01-02 00:00:00",""
"154243916","26762905","2","","2018-01-02 00:00:00",""
"154243917","48054179","3","","2018-01-02 00:00:00",""
"154243918","1393324","2","","2018-01-02 00:00:00",""
"154243919","1393367","2","","2018-01-02 00:00:00",""
"154243920","14442835","5","2905274","2018-01-02 00:00:00",""
"154243921","11461607","2","","2018-01-02 00:00:00",""
"154243922","48053682","2","","2018-01-02 00:00:00",""
"154243923","27928372","2","","2018-01-02 00:00:00",""
"154243924","26105252","2","","2018-01-02 00:00:00",""
"154243925","4945178","2","","2018-01-02 00:00:00",""
"154243926","48053682","1","","2018-01-02 00:00:00",""
"154243927","36623117","2","","2018-01-02 00:00:00",""
"154243928","28107851","3","","2018-01-02 00:00:00",""
"154243929","27534250","2","","2018-01-02 00:00:00",""
"154243930","26105061","2","","2018-01-02 00:00:00",""
"154243931","48029235","3","","2018-01-02 00:00:00",""
"154243932","44398601","2","","2018-01-02 00:00:00",""
"154243933","18339707","2","","2018-01-02 00:00:00",""
"154243934","27465610","2","","2018-01-02 00:00:00",""
"154243935","27465611","2","","2018-01-02 00:00:00",""
"154243936","48054038","1","","2018-01-02 00:00:00",""
"154243938","37449679","2","","2018-01-02 00:00:00",""
"154243939","48053286","2","","2018-01-02 00:00:00",""
"154243940","48053335","2","","2018-01-02 00:00:00",""
"154243941","46918057","16","","2018-01-02 00:00:00",""
"154243942","48029606","3","","2018-01-02 00:00:00",""
"154243943","48052210","2","","2018-01-02 00:00:00",""
"154243944","217805","3","","2018-01-02 00:00:00",""
"154243945","48054258","1","","2018-01-02 00:00:00",""
"154243946","6624036","2","","2018-01-02 00:00:00",""
"154243947","6624085","2","","2018-01-02 00:00:00",""
"154243948","48050851","16","","2018-01-02 00:00:00",""
"154243949","27787536","2","","2018-01-02 00:00:00",""
"154243950","48022206","3","","2018-01-02 00:00:00",""
"154243952","47582642","5","8662906","2018-01-02 00:00:00",""
"154243954","48054281","1","","2018-01-02 00:00:00",""
"154243955","48054222","1","","2018-01-02 00:00:00",""
"154243956","48017346","3","","2018-01-02 00:00:00",""
"154243957","48017346","10","","2018-01-02 00:00:00",""
"154243959","1346298","2","","2018-01-02 00:00:00",""
"154243960","48053586","16","","2018-01-02 00:00:00",""
"154243961","1346209","2","","2018-01-02 00:00:00",""
"154243962","33751580","2","","2018-01-02 00:00:00",""
"154243963","1346209","5","1091943","2018-01-02 00:00:00",""
"154243964","31858632","2","","2018-01-02 00:00:00",""
"154243965","48054271","3","","2018-01-02 00:00:00",""
"154243966","48054246","3","","2018-01-02 00:00:00",""
"154243967","20776295","2","","2018-01-02 00:00:00",""
"154243968","24557561","2","","2018-01-02 00:00:00",""
"154243969","48054246","10","","2018-01-02 00:00:00",""
"154243970","48020487","10","","2018-01-02 00:00:00",""
"154243972","14498396","2","","2018-01-02 00:00:00",""
"154243973","48020487","3","","2018-01-02 00:00:00",""
"154243974","18450653","2","","2018-01-02 00:00:00",""
"154243975","11452715","2","","2018-01-02 00:00:00",""
"154243976","28222640","2","","2018-01-02 00:00:00",""
"154243977","25904070","2","","2018-01-02 00:00:00",""
"154243978","48024004","3","","2018-01-02 00:00:00",""
"154243979","37752510","2","","2018-01-02 00:00:00",""
"154243980","48024004","10","","2018-01-02 00:00:00",""
"154243981","11471762","2","","2018-01-02 00:00:00",""
"154243982","10302179","2","","2018-01-02 00:00:00",""
"154243983","48053634","2","","2018-01-02 00:00:00",""
"154243984","32750951","2","","2018-01-02 00:00:00",""
"154243985","13447554","5","8883008","2018-01-02 00:00:00",""
"154243986","37093853","5","6305105","2018-01-02 00:00:00",""
"154243987","45991094","2","","2018-01-02 00:00:00",""
"154243988","13495744","2","","2018-01-02 00:00:00",""
"154243989","4491260","5","114200","2018-01-02 00:00:00",""
"154243990","16589853","2","","2018-01-02 00:00:00",""
"154243991","48054246","10","","2018-01-02 00:00:00",""
"154243992","13743058","2","","2018-01-02 00:00:00",""
"154243993","32312978","2","","2018-01-02 00:00:00",""
"154243994","47968907","3","","2018-01-02 00:00:00",""
"154243995","32312849","2","","2018-01-02 00:00:00",""
"154243996","47968907","10","","2018-01-02 00:00:00",""
"154243997","45991162","2","","2018-01-02 00:00:00",""
"154243998","44415889","2","","2018-01-02 00:00:00",""
"154243999","26777705","2","","2018-01-02 00:00:00",""
"154244000","40678026","2","","2018-01-02 00:00:00",""
"154244001","48054292","3","","2018-01-02 00:00:00",""
"154244002","48054181","3","","2018-01-02 00:00:00",""
"154244003","46491490","2","","2018-01-02 00:00:00",""
"154244004","46491468","2","","2018-01-02 00:00:00",""
"154244005","45739518","2","","2018-01-02 00:00:00",""
"154244006","48031059","2","","2018-01-02 00:00:00",""
"154244007","45740453","2","","2018-01-02 00:00:00",""
"154244008","48031059","5","451736","2018-01-02 00:00:00",""
"154244009","48053617","10","","2018-01-02 00:00:00",""
"154244010","15505327","2","","2018-01-02 00:00:00",""
"154244011","18011219","2","","2018-01-02 00:00:00",""
"154244012","48054304","10","","2018-01-02 00:00:00",""
"154244013","17947970","2","","2018-01-02 00:00:00",""
"154244014","1306727","2","","2018-01-02 00:00:00",""
"154244015","1306799","2","","2018-01-02 00:00:00",""
"154244016","46374279","2","","2018-01-02 00:00:00",""
"154244017","31173710","2","","2018-01-02 00:00:00",""
"154244018","48052690","16","","2018-01-02 00:00:00",""
"154244019","13489065","2","","2018-01-02 00:00:00",""
"154244020","31971229","2","","2018-01-02 00:00:00",""
"154244021","13494570","2","","2018-01-02 00:00:00",""
"154244022","43029002","2","","2018-01-02 00:00:00",""
"154244023","48043433","3","","2018-01-02 00:00:00",""
"154244024","42646205","5","752843","2018-01-02 00:00:00",""
"154244025","41158070","2","","2018-01-02 00:00:00",""
"154244026","36305933","16","","2018-01-02 00:00:00",""
"154244027","14459577","2","","2018-01-02 00:00:00",""
"154244028","14459577","5","2016295","2018-01-02 00:00:00",""
"154244029","82170","2","","2018-01-02 00:00:00",""
"154244030","35030824","2","","2018-01-02 00:00:00",""
"154244031","81991","5","3963097","2018-01-02 00:00:00",""
"154244032","81991","2","","2018-01-02 00:00:00",""
"154244033","48053746","3","","2018-01-02 00:00:00",""
"154244034","31935885","2","","2018-01-02 00:00:00",""
"154244035","48054289","1","","2018-01-02 00:00:00",""
"154244036","47659727","2","","2018-01-02 00:00:00",""
"154244037","10919569","2","","2018-01-02 00:00:00",""
"154244038","48053828","15","","2018-01-02 00:00:00",""
"154244039","48053828","10","","2018-01-02 00:00:00",""
"154244040","5786899","2","","2018-01-02 00:00:00",""
"154244041","28588311","2","","2018-01-02 00:00:00",""
"154244042","45367387","2","","2018-01-02 00:00:00",""
"154244043","48053801","2","","2018-01-02 00:00:00",""
"154244044","5042197","2","","2018-01-02 00:00:00",""
"154244045","48054187","2","","2018-01-02 00:00:00",""
"154244046","47979734","16","","2018-01-02 00:00:00",""
"154244047","48052700","3","","2018-01-02 00:00:00",""
"154244048","28325980","2","","2018-01-02 00:00:00",""
"154244049","48054285","2","","2018-01-02 00:00:00",""
"154244050","1991378","2","","2018-01-02 00:00:00",""
"154244051","48051425","16","","2018-01-02 00:00:00",""
"154244052","39647200","2","","2018-01-02 00:00:00",""
"154244053","12297980","2","","2018-01-02 00:00:00",""
"154244054","45876864","2","","2018-01-02 00:00:00",""
"154244055","45357000","2","","2018-01-02 00:00:00",""
"154244056","45481709","2","","2018-01-02 00:00:00",""
"154244057","7948986","2","","2018-01-02 00:00:00",""
"154244058","47896667","16","","2018-01-02 00:00:00",""
"154244059","48054306","3","","2018-01-02 00:00:00",""
"154244060","12827688","2","","2018-01-02 00:00:00",""
"154244061","18328947","2","","2018-01-02 00:00:00",""
"154244062","12827580","2","","2018-01-02 00:00:00",""
"154244063","48054306","3","","2018-01-02 00:00:00",""
"154244064","48054001","3","","2018-01-02 00:00:00",""
"154244065","12108646","2","","2018-01-02 00:00:00",""
"154244066","8981029","2","","2018-01-02 00:00:00",""
"154244067","48053376","1","","2018-01-02 00:00:00",""
"154244068","33666617","2","","2018-01-02 00:00:00",""
"154244069","33668295","2","","2018-01-02 00:00:00",""
"154244070","48054231","10","","2018-01-02 00:00:00",""
"154244071","47876740","2","","2018-01-02 00:00:00",""
"154244072","7049664","2","","2018-01-02 00:00:00",""
"154244073","20776818","2","","2018-01-02 00:00:00",""
"154244074","7047555","2","","2018-01-02 00:00:00",""
"154244076","48054285","1","","2018-01-02 00:00:00",""
"154244077","48054285","2","","2018-01-02 00:00:00",""
"154244078","48053708","3","","2018-01-02 00:00:00",""
"154244079","42554450","2","","2018-01-02 00:00:00",""
"154244080","48050621","3","","2018-01-02 00:00:00",""
"154244081","343007","2","","2018-01-02 00:00:00",""
"154244082","48050851","3","","2018-01-02 00:00:00",""
"154244083","40712438","2","","2018-01-02 00:00:00",""
"154244084","48054307","2","","2018-01-02 00:00:00",""
"154244085","37254695","2","","2018-01-02 00:00:00",""
"154244086","40046786","2","","2018-01-02 00:00:00",""
"154244088","40046787","2","","2018-01-02 00:00:00",""
"154244089","48054246","10","","2018-01-02 00:00:00",""
"154244090","21282351","2","","2018-01-02 00:00:00",""
"154244091","1601948","2","","2018-01-02 00:00:00",""
"154244092","47847805","3","","2018-01-02 00:00:00",""
"154244093","48054306","3","","2018-01-02 00:00:00",""
"154244094","47838044","3","","2018-01-02 00:00:00",""
"154244095","47046577","10","","2018-01-02 00:00:00",""
"154244096","25874635","2","","2018-01-02 00:00:00",""
"154244097","47838295","3","","2018-01-02 00:00:00",""
"154244098","40863953","2","","2018-01-02 00:00:00",""
"154244099","47835373","3","","2018-01-02 00:00:00",""
"154244100","11038949","2","","2018-01-02 00:00:00",""
"154244101","11038830","2","","2018-01-02 00:00:00",""
"154244102","47824078","3","","2018-01-02 00:00:00",""
"154244103","48054325","2","","2018-01-02 00:00:00",""
"154244105","10831623","2","","2018-01-02 00:00:00",""
"154244106","47808403","3","","2018-01-02 00:00:00",""
"154244107","30149250","5","1178021","2018-01-02 00:00:00",""
"154244109","38023700","5","451736","2018-01-02 00:00:00",""
"154244110","47825030","3","","2018-01-02 00:00:00",""
"154244111","38023700","2","","2018-01-02 00:00:00",""
"154244112","10831565","2","","2018-01-02 00:00:00",""
"154244113","48052840","16","","2018-01-02 00:00:00",""
"154244114","29482","2","","2018-01-02 00:00:00",""
"154244115","2298962","2","","2018-01-02 00:00:00",""
"154244116","2298962","5","56717","2018-01-02 00:00:00",""
"154244117","41267079","2","","2018-01-02 00:00:00",""
"154244118","29241056","2","","2018-01-02 00:00:00",""
"154244119","47818713","3","","2018-01-02 00:00:00",""
"154244120","48054277","3","","2018-01-02 00:00:00",""
"154244121","47822368","3","","2018-01-02 00:00:00",""
"154244122","48054257","16","","2018-01-02 00:00:00",""
"154244123","11574376","2","","2018-01-02 00:00:00",""
"154244124","11574405","2","","2018-01-02 00:00:00",""
"154244125","47822414","3","","2018-01-02 00:00:00",""
"154244126","48054306","3","","2018-01-02 00:00:00",""
"154244127","47821581","3","","2018-01-02 00:00:00",""
"154244128","48053738","16","","2018-01-02 00:00:00",""
"154244129","48054266","3","","2018-01-02 00:00:00",""
"154244130","48054271","10","","2018-01-02 00:00:00",""
"154244131","47795945","3","","2018-01-02 00:00:00",""
"154244132","47815505","3","","2018-01-02 00:00:00",""
"154244133","48054306","2","","2018-01-02 00:00:00",""
"154244134","47814304","3","","2018-01-02 00:00:00",""
"154244135","48051499","1","","2018-01-02 00:00:00",""
"154244136","48051499","2","","2018-01-02 00:00:00",""
"154244137","48051378","2","","2018-01-02 00:00:00",""
"154244138","47812979","3","","2018-01-02 00:00:00",""
"154244139","47812653","3","","2018-01-02 00:00:00",""
"154244140","8335997","5","8748897","2018-01-02 00:00:00",""
"154244141","5376445","2","","2018-01-02 00:00:00",""
"154244142","48028021","2","","2018-01-02 00:00:00",""
"154244143","47787479","3","","2018-01-02 00:00:00",""
"154244144","934942","2","","2018-01-02 00:00:00",""
"154244145","934930","2","","2018-01-02 00:00:00",""
"154244146","48028518","2","","2018-01-02 00:00:00",""
"154244147","4282447","2","","2018-01-02 00:00:00",""
"154244148","47800512","3","","2018-01-02 00:00:00",""
"154244149","3745908","2","","2018-01-02 00:00:00",""
"154244150","47803289","3","","2018-01-02 00:00:00",""
"154244151","48054316","3","","2018-01-02 00:00:00",""
"154244152","5450073","2","","2018-01-02 00:00:00",""
"154244153","48049968","2","","2018-01-02 00:00:00",""
"154244154","47802339","3","","2018-01-02 00:00:00",""
"154244155","28533673","2","","2018-01-02 00:00:00",""
"154244156","28533602","2","","2018-01-02 00:00:00",""
"154244157","47799039","3","","2018-01-02 00:00:00",""
"154244158","47902653","2","","2018-01-02 00:00:00",""
"154244159","47800411","3","","2018-01-02 00:00:00",""
"154244161","47798036","3","","2018-01-02 00:00:00",""
"154244162","41715836","10","","2018-01-02 00:00:00",""
"154244163","48054316","2","","2018-01-02 00:00:00",""
"154244164","27116142","2","","2018-01-02 00:00:00",""
"154244165","48054313","3","","2018-01-02 00:00:00",""
"154244166","3847745","5","3786181","2018-01-02 00:00:00",""
"154244167","1531600","2","","2018-01-02 00:00:00",""
"154244168","42374151","2","","2018-01-02 00:00:00",""
"154244169","1405324","2","","2018-01-02 00:00:00",""
"154244170","34983655","2","","2018-01-02 00:00:00",""
"154244171","48054037","10","","2018-01-02 00:00:00",""
"154244172","4018995","2","","2018-01-02 00:00:00",""
"154244173","4017357","2","","2018-01-02 00:00:00",""
"154244175","1685492","2","","2018-01-02 00:00:00",""
"154244176","30452453","2","","2018-01-02 00:00:00",""
"154244177","1685483","2","","2018-01-02 00:00:00",""
"154244178","43569533","2","","2018-01-02 00:00:00",""
"154244179","48054223","10","","2018-01-02 00:00:00",""
"154244180","47975738","1","","2018-01-02 00:00:00",""
"154244181","4090518","2","","2018-01-02 00:00:00",""
"154244182","4090577","2","","2018-01-02 00:00:00",""
"154244183","270512","2","","2018-01-02 00:00:00",""
"154244184","48054127","2","","2018-01-02 00:00:00",""
"154244185","48053488","10","","2018-01-02 00:00:00",""
"154244186","48054127","1","","2018-01-02 00:00:00",""
"154244187","48054292","3","","2018-01-02 00:00:00",""
"154244188","48054192","10","","2018-01-02 00:00:00",""
"154244189","12867878","2","","2018-01-02 00:00:00",""
"154244190","48053530","2","","2018-01-02 00:00:00",""
"154244191","48054056","10","","2018-01-02 00:00:00",""
"154244192","17648799","2","","2018-01-02 00:00:00",""
"154244194","48053867","3","","2018-01-02 00:00:00",""
"154244196","15055115","5","8883008","2018-01-02 00:00:00",""
"154244197","32912485","2","","2018-01-02 00:00:00",""
"154244198","20063874","2","","2018-01-02 00:00:00",""
"154244199","23830000","3","","2018-01-02 00:00:00",""
"154244201","8755229","2","","2018-01-02 00:00:00",""
"154244202","48052780","3","","2018-01-02 00:00:00",""
"154244203","48054323","2","","2018-01-02 00:00:00",""
"154244204","3403333","2","","2018-01-02 00:00:00",""
"154244205","18754020","5","7356523","2018-01-02 00:00:00",""
"154244206","6386098","2","","2018-01-02 00:00:00",""
"154244207","16410298","2","","2018-01-02 00:00:00",""
"154244208","6617068","2","","2018-01-02 00:00:00",""
"154244209","3403217","2","","2018-01-02 00:00:00",""
"154244210","48054031","2","","2018-01-02 00:00:00",""
"154244211","48052584","10","","2018-01-02 00:00:00",""
"154244212","48054342","10","","2018-01-02 00:00:00",""
"154244213","44248677","2","","2018-01-02 00:00:00",""
"154244214","43004742","2","","2018-01-02 00:00:00",""
"154244215","43004634","2","","2018-01-02 00:00:00",""
"154244216","48051134","2","","2018-01-02 00:00:00",""
"154244217","48053788","2","","2018-01-02 00:00:00",""
"154244218","40327522","2","","2018-01-02 00:00:00",""
"154244219","8231096","2","","2018-01-02 00:00:00",""
"154244220","14885081","2","","2018-01-02 00:00:00",""
"154244221","20776295","5","56717","2018-01-02 00:00:00",""
"154244222","42964310","2","","2018-01-02 00:00:00",""
"154244223","29930198","2","","2018-01-02 00:00:00",""
"154244224","7419731","5","4501354","2018-01-02 00:00:00",""
"154244225","7419731","2","","2018-01-02 00:00:00",""
"154244226","7419851","2","","2018-01-02 00:00:00",""
"154244227","47956841","10","","2018-01-02 00:00:00",""
"154244228","44350194","2","","2018-01-02 00:00:00",""
"154244229","45840564","2","","2018-01-02 00:00:00",""
"154244230","48052876","1","","2018-01-02 00:00:00",""
"154244233","3381817","2","","2018-01-02 00:00:00",""
"154244234","1238815","3","","2018-01-02 00:00:00",""
"154244235","46379463","3","","2018-01-02 00:00:00",""
"154244236","21701635","2","","2018-01-02 00:00:00",""
"154244237","17378420","2","","2018-01-02 00:00:00",""
"154244238","46133952","2","","2018-01-02 00:00:00",""
"154244239","42964102","2","","2018-01-02 00:00:00",""
"154244240","3381817","5","689991","2018-01-02 00:00:00",""
"154244241","48054149","2","","2018-01-02 00:00:00",""
"154244242","46126902","2","","2018-01-02 00:00:00",""
"154244243","18197705","2","","2018-01-02 00:00:00",""
"154244244","322827","2","","2018-01-02 00:00:00",""
"154244245","322378","2","","2018-01-02 00:00:00",""
"154244246","8077918","2","","2018-01-02 00:00:00",""
"154244247","4095758","2","","2018-01-02 00:00:00",""
"154244248","32577977","2","","2018-01-02 00:00:00",""
"154244249","48054133","1","","2018-01-02 00:00:00",""
"154244250","48054306","3","","2018-01-02 00:00:00",""
"154244251","30999620","3","","2018-01-02 00:00:00",""
"154244253","14174070","5","9124589","2018-01-02 00:00:00",""
"154244254","17377337","5","1347601","2018-01-02 00:00:00",""
"154244255","48054292","3","","2018-01-02 00:00:00",""
"154244256","25649095","2","","2018-01-02 00:00:00",""
"154244257","30423183","2","","2018-01-02 00:00:00",""
"154244258","30422184","2","","2018-01-02 00:00:00",""
"154244259","1750279","15","","2018-01-02 00:00:00",""
"154244260","25513605","2","","2018-01-02 00:00:00",""
"154244261","43032004","5","5828821","2018-01-02 00:00:00",""
"154244262","46379516","3","","2018-01-02 00:00:00",""
"154244263","1750283","15","","2018-01-02 00:00:00",""
"154244264","48054341","2","","2018-01-02 00:00:00",""
"154244265","48053887","3","","2018-01-02 00:00:00",""
"154244266","48053677","1","","2018-01-02 00:00:00",""
"154244267","1020390","5","9008547","2018-01-02 00:00:00",""
"154244268","1441692","2","","2018-01-02 00:00:00",""
"154244269","37051463","2","","2018-01-02 00:00:00",""
"154244270","48054251","2","","2018-01-02 00:00:00",""
"154244271","45765936","2","","2018-01-02 00:00:00",""
"154244272","48035117","1","","2018-01-02 00:00:00",""
"154244273","48035117","2","","2018-01-02 00:00:00",""
"154244274","48054306","3","","2018-01-02 00:00:00",""
"154244275","3894061","2","","2018-01-02 00:00:00",""
"154244276","47384712","2","","2018-01-02 00:00:00",""
"154244277","3893991","2","","2018-01-02 00:00:00",""
"154244278","38773353","2","","2018-01-02 00:00:00",""
"154244279","48026908","2","","2018-01-02 00:00:00",""
"154244280","10532432","2","","2018-01-02 00:00:00",""
"154244281","48053650","2","","2018-01-02 00:00:00",""
"154244282","48054084","2","","2018-01-02 00:00:00",""
"154244283","46949676","2","","2018-01-02 00:00:00",""
"154244284","48054302","3","","2018-01-02 00:00:00",""
"154244285","6178690","3","","2018-01-02 00:00:00",""
"154244286","4914590","2","","2018-01-02 00:00:00",""
"154244287","1991042","2","","2018-01-02 00:00:00",""
"154244288","1991401","2","","2018-01-02 00:00:00",""
"154244289","43282656","2","","2018-01-02 00:00:00",""
"154244290","48000971","10","","2018-01-02 00:00:00",""
"154244291","1991042","5","4794308","2018-01-02 00:00:00",""
"154244292","5859221","2","","2018-01-02 00:00:00",""
"154244293","13769027","2","","2018-01-02 00:00:00",""
"154244294","32341755","2","","2018-01-02 00:00:00",""
"154244295","18495474","2","","2018-01-02 00:00:00",""
"154244296","48054064","10","","2018-01-02 00:00:00",""
"154244297","15127834","2","","2018-01-02 00:00:00",""
"154244298","15127934","2","","2018-01-02 00:00:00",""
"154244299","48042814","1","","2018-01-02 00:00:00",""
"154244300","7772190","2","","2018-01-02 00:00:00",""
"154244301","48042814","2","","2018-01-02 00:00:00",""
"154244302","30382865","2","","2018-01-02 00:00:00",""
"154244303","23094536","2","","2018-01-02 00:00:00",""
"154244304","48054307","2","","2018-01-02 00:00:00",""
"154244306","48053749","3","","2018-01-02 00:00:00",""
"154244307","48045592","1","","2018-01-02 00:00:00",""
"154244308","48053803","3","","2018-01-02 00:00:00",""
"154244309","4773807","5","3566970","2018-01-02 00:00:00",""
"154244310","48054345","2","","2018-01-02 00:00:00",""
"154244311","48054305","2","","2018-01-02 00:00:00",""
"154244312","48054305","1","","2018-01-02 00:00:00",""
"154244313","42606837","5","3426338","2018-01-02 00:00:00",""
"154244314","48054344","2","","2018-01-02 00:00:00",""
"154244315","40808821","2","","2018-01-02 00:00:00",""
"154244316","40807041","2","","2018-01-02 00:00:00",""
"154244318","47893196","1","","2018-01-02 00:00:00",""
"154244319","38718327","2","","2018-01-02 00:00:00",""
"154244320","48054247","16","","2018-01-02 00:00:00",""
"154244321","8549749","2","","2018-01-02 00:00:00",""
"154244322","8549749","5","249230","2018-01-02 00:00:00",""
"154244324","48037017","1","","2018-01-02 00:00:00",""
"154244325","48023242","1","","2018-01-02 00:00:00",""
"154244327","1711","5","8705437","2018-01-02 00:00:00",""
"154244328","25733831","2","","2018-01-02 00:00:00",""
"154244329","48054333","2","","2018-01-02 00:00:00",""
"154244330","25740332","2","","2018-01-02 00:00:00",""
"154244331","24066304","2","","2018-01-02 00:00:00",""
"154244332","48054341","2","","2018-01-02 00:00:00",""
"154244333","24104371","2","","2018-01-02 00:00:00",""
"154244334","23901903","2","","2018-01-02 00:00:00",""
"154244335","38802688","10","","2018-01-02 00:00:00",""
"154244336","23901421","2","","2018-01-02 00:00:00",""
"154244337","11379473","2","","2018-01-02 00:00:00",""
"154244338","2670121","2","","2018-01-02 00:00:00",""
"154244339","9373141","10","","2018-01-02 00:00:00",""
"154244340","48054302","3","","2018-01-02 00:00:00",""
"154244341","48054332","3","","2018-01-02 00:00:00",""
"154244342","42723384","2","","2018-01-02 00:00:00",""
"154244343","32689212","2","","2018-01-02 00:00:00",""
"154244344","10852888","2","","2018-01-02 00:00:00",""
"154244345","42291258","2","","2018-01-02 00:00:00",""
"154244346","18531492","2","","2018-01-02 00:00:00",""
"154244347","1728959","2","","2018-01-02 00:00:00",""
"154244348","9127007","2","","2018-01-02 00:00:00",""
"154244349","48025135","1","","2018-01-02 00:00:00",""
"154244350","48030732","2","","2018-01-02 00:00:00",""
"154244351","17549220","2","","2018-01-02 00:00:00",""
"154244352","33586311","2","","2018-01-02 00:00:00",""
"154244353","8594814","5","9159641","2018-01-02 00:00:00",""
"154244354","48030732","1","","2018-01-02 00:00:00",""
"154244355","3224630","2","","2018-01-02 00:00:00",""
"154244357","18992153","2","","2018-01-02 00:00:00",""
"154244358","8709846","2","","2018-01-02 00:00:00",""
"154244359","48054306","3","","2018-01-02 00:00:00",""
"154244360","48054267","10","","2018-01-02 00:00:00",""
"154244362","48053511","2","","2018-01-02 00:00:00",""
"154244363","17047702","2","","2018-01-02 00:00:00",""
"154244364","16618723","2","","2018-01-02 00:00:00",""
"154244365","17047602","2","","2018-01-02 00:00:00",""
"154244367","2934844","2","","2018-01-02 00:00:00",""
"154244368","45863685","2","","2018-01-02 00:00:00",""
"154244369","48052608","2","","2018-01-02 00:00:00",""
"154244370","48054380","10","","2018-01-02 00:00:00",""
"154244371","48054341","2","","2018-01-02 00:00:00",""
"154244372","43773913","2","","2018-01-02 00:00:00",""
"154244373","48047718","10","","2018-01-02 00:00:00",""
"154244374","33831598","2","","2018-01-02 00:00:00",""
"154244375","43312676","2","","2018-01-02 00:00:00",""
"154244376","48014693","2","","2018-01-02 00:00:00",""
"154244377","48053231","2","","2018-01-02 00:00:00",""
"154244378","48054325","3","","2018-01-02 00:00:00",""
"154244379","48053137","2","","2018-01-02 00:00:00",""
"154244380","42869884","2","","2018-01-02 00:00:00",""
"154244381","43021771","2","","2018-01-02 00:00:00",""
"154244383","11304926","2","","2018-01-02 00:00:00",""
"154244384","17010975","5","8883008","2018-01-02 00:00:00",""
"154244385","41318590","16","","2018-01-02 00:00:00",""
"154244386","19639204","16","","2018-01-02 00:00:00",""
"154244387","21758143","2","","2018-01-02 00:00:00",""
"154244388","38587837","2","","2018-01-02 00:00:00",""
"154244389","5240700","16","","2018-01-02 00:00:00",""
"154244390","48052946","2","","2018-01-02 00:00:00",""
"154244391","14262433","2","","2018-01-02 00:00:00",""
"154244392","47248514","2","","2018-01-02 00:00:00",""
"154244393","14414325","2","","2018-01-02 00:00:00",""
"154244394","48054241","16","","2018-01-02 00:00:00",""
"154244395","2150558","2","","2018-01-02 00:00:00",""
"154244396","3607014","16","","2018-01-02 00:00:00",""
"154244397","43349905","2","","2018-01-02 00:00:00",""
"154244398","2150287","2","","2018-01-02 00:00:00",""
"154244399","41141801","2","","2018-01-02 00:00:00",""
"154244400","48054257","3","","2018-01-02 00:00:00",""
"154244401","1338728","2","","2018-01-02 00:00:00",""
"154244402","19196714","16","","2018-01-02 00:00:00",""
"154244403","701807","3","","2018-01-02 00:00:00",""
"154244404","34242983","2","","2018-01-02 00:00:00",""
"154244405","48053544","10","","2018-01-02 00:00:00",""
"154244406","48053711","1","","2018-01-02 00:00:00",""
"154244407","32811002","2","","2018-01-02 00:00:00",""
"154244408","20666366","2","","2018-01-02 00:00:00",""
"154244409","38039156","2","","2018-01-02 00:00:00",""
"154244410","4696283","5","7031530","2018-01-02 00:00:00",""
"154244411","48053849","3","","2018-01-02 00:00:00",""
"154244412","33668295","2","","2018-01-02 00:00:00",""
"154244413","41384443","2","","2018-01-02 00:00:00",""
"154244414","3435363","2","","2018-01-02 00:00:00",""
"154244415","47797099","3","","2018-01-02 00:00:00",""
"154244416","33368088","2","","2018-01-02 00:00:00",""
"154244417","35707442","3","","2018-01-02 00:00:00",""
"154244418","47796344","3","","2018-01-02 00:00:00",""
"154244419","48050511","2","","2018-01-02 00:00:00",""
"154244420","48052573","2","","2018-01-02 00:00:00",""
"154244421","47795819","3","","2018-01-02 00:00:00",""
"154244422","10888958","5","409319","2018-01-02 00:00:00",""
"154244423","20794751","2","","2018-01-02 00:00:00",""
"154244424","47792481","3","","2018-01-02 00:00:00",""
"154244425","48048014","3","","2018-01-02 00:00:00",""
"154244426","6065101","5","8883008","2018-01-02 00:00:00",""
"154244427","47554641","2","","2018-01-02 00:00:00",""
"154244428","47538857","2","","2018-01-02 00:00:00",""
"154244429","47792461","3","","2018-01-02 00:00:00",""
"154244430","13358609","16","","2018-01-02 00:00:00",""
"154244431","47789850","3","","2018-01-02 00:00:00",""
"154244432","35788941","2","","2018-01-02 00:00:00",""
"154244433","35774918","2","","2018-01-02 00:00:00",""
"154244434","35224478","2","","2018-01-02 00:00:00",""
"154244435","32928003","2","","2018-01-02 00:00:00",""
"154244436","48052495","3","","2018-01-02 00:00:00",""
"154244437","16428610","16","","2018-01-02 00:00:00",""
"154244438","9866315","2","","2018-01-02 00:00:00",""
"154244439","47788779","3","","2018-01-02 00:00:00",""
"154244440","8538676","2","","2018-01-02 00:00:00",""
"154244441","25567902","2","","2018-01-02 00:00:00",""
"154244442","7530468","16","","2018-01-02 00:00:00",""
"154244443","32923202","2","","2018-01-02 00:00:00",""
"154244444","37461868","2","","2018-01-02 00:00:00",""
"154244445","37461868","5","919489","2018-01-02 00:00:00",""
"154244446","37462208","2","","2018-01-02 00:00:00",""
"154244447","48049828","3","","2018-01-02 00:00:00",""
"154244448","47781086","3","","2018-01-02 00:00:00",""
"154244449","18794573","2","","2018-01-02 00:00:00",""
"154244450","45434631","2","","2018-01-02 00:00:00",""
"154244451","48054117","2","","2018-01-02 00:00:00",""
"154244452","48054193","2","","2018-01-02 00:00:00",""
"154244453","48054337","2","","2018-01-02 00:00:00",""
"154244454","48054390","3","","2018-01-02 00:00:00",""
"154244455","12702812","5","9124589","2018-01-02 00:00:00",""
"154244456","48054390","3","","2018-01-02 00:00:00",""
"154244457","48052478","2","","2018-01-02 00:00:00",""
"154244458","47774840","3","","2018-01-02 00:00:00",""
"154244459","48054277","3","","2018-01-02 00:00:00",""
"154244460","47723544","3","","2018-01-02 00:00:00",""
"154244461","47768073","3","","2018-01-02 00:00:00",""
"154244462","47765776","3","","2018-01-02 00:00:00",""
"154244463","42178203","2","","2018-01-02 00:00:00",""
"154244464","48037814","3","","2018-01-02 00:00:00",""
"154244465","47087379","3","","2018-01-02 00:00:00",""
"154244466","17165730","2","","2018-01-02 00:00:00",""
"154244467","47701220","3","","2018-01-02 00:00:00",""
"154244468","17165096","5","718240","2018-01-02 00:00:00",""
"154244469","23851068","2","","2018-01-02 00:00:00",""
"154244470","42813342","2","","2018-01-02 00:00:00",""
"154244471","27174256","2","","2018-01-02 00:00:00",""
"154244472","8442187","2","","2018-01-02 00:00:00",""
"154244473","47748336","3","","2018-01-02 00:00:00",""
"154244474","40525051","2","","2018-01-02 00:00:00",""
"154244475","37005302","2","","2018-01-02 00:00:00",""
"154244476","48054355","5","771848","2018-01-02 00:00:00",""
"154244477","115983","2","","2018-01-02 00:00:00",""
"154244478","47747446","3","","2018-01-02 00:00:00",""
"154244479","48054401","1","","2018-01-02 00:00:00",""
"154244480","47744484","3","","2018-01-02 00:00:00",""
"154244481","932982","2","","2018-01-02 00:00:00",""
"154244482","6688815","2","","2018-01-02 00:00:00",""
"154244483","47723784","3","","2018-01-02 00:00:00",""
"154244485","48032854","3","","2018-01-02 00:00:00",""
"154244486","48054394","2","","2018-01-02 00:00:00",""
"154244487","46098145","2","","2018-01-02 00:00:00",""
"154244488","46097544","2","","2018-01-02 00:00:00",""
"154244489","12479668","2","","2018-01-02 00:00:00",""
"154244490","35363104","2","","2018-01-02 00:00:00",""
"154244491","35363104","5","2670439","2018-01-02 00:00:00",""
"154244492","35363425","2","","2018-01-02 00:00:00",""
"154244493","48054023","15","","2018-01-02 00:00:00",""
"154244494","37487046","5","93695","2018-01-02 00:00:00",""
"154244495","48052529","3","","2018-01-02 00:00:00",""
"154244496","678236","2","","2018-01-02 00:00:00",""
"154244497","678242","2","","2018-01-02 00:00:00",""
"154244498","48030132","3","","2018-01-02 00:00:00",""
"154244499","2288211","2","","2018-01-02 00:00:00",""
"154244500","48054056","15","","2018-01-02 00:00:00",""
"154244501","46586043","2","","2018-01-02 00:00:00",""
"154244502","48053829","3","","2018-01-02 00:00:00",""
"154244503","24988884","2","","2018-01-02 00:00:00",""
"154244504","24959645","2","","2018-01-02 00:00:00",""
"154244505","20835138","2","","2018-01-02 00:00:00",""
"154244506","117293","2","","2018-01-02 00:00:00",""
"154244507","15843391","2","","2018-01-02 00:00:00",""
"154244508","48043997","3","","2018-01-02 00:00:00",""
"154244509","14810722","2","","2018-01-02 00:00:00",""
"154244510","1575141","2","","2018-01-02 00:00:00",""
"154244511","16837667","2","","2018-01-02 00:00:00",""
"154244512","48048718","3","","2018-01-02 00:00:00",""
"154244513","48054321","5","771848","2018-01-02 00:00:00",""
"154244514","48054394","2","","2018-01-02 00:00:00",""
"154244515","26491403","2","","2018-01-02 00:00:00",""
"154244516","1125968","2","","2018-01-02 00:00:00",""
"154244517","48015187","3","","2018-01-02 00:00:00",""
"154244518","48052826","2","","2018-01-02 00:00:00",""
"154244520","15810660","2","","2018-01-02 00:00:00",""
"154244521","48052205","2","","2018-01-02 00:00:00",""
"154244522","42928684","2","","2018-01-02 00:00:00",""
"154244523","8888015","2","","2018-01-02 00:00:00",""
"154244524","33412124","2","","2018-01-02 00:00:00",""
"154244525","48048101","1","","2018-01-02 00:00:00",""
"154244526","48048101","2","","2018-01-02 00:00:00",""
"154244527","33413079","2","","2018-01-02 00:00:00",""
"154244528","48054341","2","","2018-01-02 00:00:00",""
"154244529","348170","2","","2018-01-02 00:00:00",""
"154244530","17599735","2","","2018-01-02 00:00:00",""
"154244531","5389178","2","","2018-01-02 00:00:00",""
"154244532","17574628","2","","2018-01-02 00:00:00",""
"154244533","18834258","2","","2018-01-02 00:00:00",""
"154244534","1085162","2","","2018-01-02 00:00:00",""
"154244535","22804306","2","","2018-01-02 00:00:00",""
"154244536","48054403","2","","2018-01-02 00:00:00",""
"154244537","5468831","2","","2018-01-02 00:00:00",""
"154244538","6039909","2","","2018-01-02 00:00:00",""
"154244539","48054403","5","4374531","2018-01-02 00:00:00",""
"154244540","37872172","2","","2018-01-02 00:00:00",""
"154244541","117557","2","","2018-01-02 00:00:00",""
"154244542","617188","2","","2018-01-02 00:00:00",""
"154244543","48054381","2","","2018-01-02 00:00:00",""
"154244544","48054381","1","","2018-01-02 00:00:00",""
"154244545","44247136","2","","2018-01-02 00:00:00",""
"154244546","44246956","2","","2018-01-02 00:00:00",""
"154244547","48054341","1","","2018-01-02 00:00:00",""
"154244548","5436790","2","","2018-01-02 00:00:00",""
"154244549","617184","2","","2018-01-02 00:00:00",""
"154244550","617182","2","","2018-01-02 00:00:00",""
"154244551","117909","2","","2018-01-02 00:00:00",""
"154244552","48052604","3","","2018-01-02 00:00:00",""
"154244553","2475259","2","","2018-01-02 00:00:00",""
"154244554","48053565","2","","2018-01-02 00:00:00",""
"154244555","10886733","2","","2018-01-02 00:00:00",""
"154244556","8518818","2","","2018-01-02 00:00:00",""
"154244557","117458","2","","2018-01-02 00:00:00",""
"154244558","14460095","2","","2018-01-02 00:00:00",""
"154244559","48052941","2","","2018-01-02 00:00:00",""
"154244560","20632365","5","2670439","2018-01-02 00:00:00",""
"154244561","20632365","2","","2018-01-02 00:00:00",""
"154244562","32485373","2","","2018-01-02 00:00:00",""
"154244563","48053231","1","","2018-01-02 00:00:00",""
"154244564","1085191","2","","2018-01-02 00:00:00",""
"154244565","48053231","2","","2018-01-02 00:00:00",""
"154244566","48040526","1","","2018-01-02 00:00:00",""
"154244567","12468764","2","","2018-01-02 00:00:00",""
"154244568","13542579","2","","2018-01-02 00:00:00",""
"154244570","7722107","3","","2018-01-02 00:00:00",""
"154244572","1085162","5","3646096","2018-01-02 00:00:00",""
"154244573","48052770","2","","2018-01-02 00:00:00",""
"154244574","20421494","2","","2018-01-02 00:00:00",""
"154244575","11036371","3","","2018-01-02 00:00:00",""
"154244576","9537923","2","","2018-01-02 00:00:00",""
"154244577","17814865","2","","2018-01-02 00:00:00",""
"154244578","32723692","2","","2018-01-02 00:00:00",""
"154244579","48052465","2","","2018-01-02 00:00:00",""
"154244580","42073078","2","","2018-01-02 00:00:00",""
"154244581","24816347","2","","2018-01-02 00:00:00",""
"154244582","1669524","2","","2018-01-02 00:00:00",""
"154244583","42073187","2","","2018-01-02 00:00:00",""
"154244584","18249812","2","","2018-01-02 00:00:00",""
"154244585","3765575","2","","2018-01-02 00:00:00",""
"154244586","48054425","1","","2018-01-02 00:00:00",""
"154244587","37817132","2","","2018-01-02 00:00:00",""
"154244588","47634738","2","","2018-01-02 00:00:00",""
"154244589","23706232","2","","2018-01-02 00:00:00",""
"154244590","4114095","2","","2018-01-02 00:00:00",""
"154244591","16640268","2","","2018-01-02 00:00:00",""
"154244592","46932595","1","","2018-01-02 00:00:00",""
"154244593","48053228","1","","2018-01-02 00:00:00",""
"154244595","48054341","2","","2018-01-02 00:00:00",""
"154244596","46930630","5","6841469","2018-01-02 00:00:00",""
"154244597","8813265","2","","2018-01-02 00:00:00",""
"154244598","10131410","2","","2018-01-02 00:00:00",""
"154244599","8813281","2","","2018-01-02 00:00:00",""
"154244600","8813288","2","","2018-01-02 00:00:00",""
"154244601","2897619","5","290085","2018-01-02 00:00:00",""
"154244603","38748841","2","","2018-01-02 00:00:00",""
"154244604","38748294","2","","2018-01-02 00:00:00",""
"154244605","48054423","2","","2018-01-02 00:00:00",""
"154244606","10258461","5","657921","2018-01-02 00:00:00",""
"154244607","39946022","2","","2018-01-02 00:00:00",""
"154244608","42581","2","","2018-01-02 00:00:00",""
"154244609","42597","2","","2018-01-02 00:00:00",""
"154244610","485827","2","","2018-01-02 00:00:00",""
"154244611","8933145","2","","2018-01-02 00:00:00",""
"154244612","11307341","2","","2018-01-02 00:00:00",""
"154244613","48053710","2","","2018-01-02 00:00:00",""
"154244614","11553582","2","","2018-01-02 00:00:00",""
"154244615","48053710","1","","2018-01-02 00:00:00",""
"154244616","48054409","2","","2018-01-02 00:00:00",""
"154244617","48054233","2","","2018-01-02 00:00:00",""
"154244618","48054421","3","","2018-01-02 00:00:00",""
"154244619","31407245","2","","2018-01-02 00:00:00",""
"154244620","39889731","2","","2018-01-02 00:00:00",""
"154244621","524033","5","1218723","2018-01-02 00:00:00",""
"154244622","48054332","3","","2018-01-02 00:00:00",""
"154244623","48054423","2","","2018-01-02 00:00:00",""
"154244624","13408844","2","","2018-01-02 00:00:00",""
"154244625","13408768","2","","2018-01-02 00:00:00",""
"154244626","2041810","2","","2018-01-02 00:00:00",""
"154244627","14155633","2","","2018-01-02 00:00:00",""
"154244629","44643863","2","","2018-01-02 00:00:00",""
"154244630","48033438","3","","2018-01-02 00:00:00",""
"154244631","42079162","2","","2018-01-02 00:00:00",""
"154244632","45188213","2","","2018-01-02 00:00:00",""
"154244633","15877362","2","","2018-01-02 00:00:00",""
"154244634","15877362","5","3713362","2018-01-02 00:00:00",""
"154244635","290101","2","","2018-01-02 00:00:00",""
"154244636","2249281","2","","2018-01-02 00:00:00",""
"154244637","2897619","2","","2018-01-02 00:00:00",""
"154244638","48054421","3","","2018-01-02 00:00:00",""
"154244639","48051935","3","","2018-01-02 00:00:00",""
"154244640","62883","2","","2018-01-02 00:00:00",""
"154244641","48054347","1","","2018-01-02 00:00:00",""
"154244642","44643738","5","2253888","2018-01-02 00:00:00",""
"154244643","2249108","2","","2018-01-02 00:00:00",""
"154244644","48052640","2","","2018-01-02 00:00:00",""
"154244645","48054365","2","","2018-01-02 00:00:00",""
"154244646","48054418","2","","2018-01-02 00:00:00",""
"154244647","48043508","2","","2018-01-02 00:00:00",""
"154244648","48052760","2","","2018-01-02 00:00:00",""
"154244649","42079220","2","","2018-01-02 00:00:00",""
"154244650","48054384","2","","2018-01-02 00:00:00",""
"154244651","35835393","2","","2018-01-02 00:00:00",""
"154244652","35835362","2","","2018-01-02 00:00:00",""
"154244653","25373188","5","9124589","2018-01-02 00:00:00",""
"154244654","48054340","3","","2018-01-02 00:00:00",""
"154244655","40272178","2","","2018-01-02 00:00:00",""
"154244656","22342643","2","","2018-01-02 00:00:00",""
"154244657","24294925","2","","2018-01-02 00:00:00",""
"154244658","24294924","2","","2018-01-02 00:00:00",""
"154244659","48050639","2","","2018-01-02 00:00:00",""
"154244660","48051676","2","","2018-01-02 00:00:00",""
"154244661","38742334","2","","2018-01-02 00:00:00",""
"154244662","5530708","2","","2018-01-02 00:00:00",""
"154244663","5194239","2","","2018-01-02 00:00:00",""
"154244664","37493744","2","","2018-01-02 00:00:00",""
"154244665","44614131","2","","2018-01-02 00:00:00",""
"154244666","48052223","2","","2018-01-02 00:00:00",""
"154244667","48054387","2","","2018-01-02 00:00:00",""
"154244668","37802984","2","","2018-01-02 00:00:00",""
"154244669","48052730","2","","2018-01-02 00:00:00",""
"154244670","35690064","2","","2018-01-02 00:00:00",""
"154244671","35690064","5","6062","2018-01-02 00:00:00",""
"154244672","26002806","5","4898213","2018-01-02 00:00:00",""
"154244673","45067898","2","","2018-01-02 00:00:00",""
"154244674","28394933","2","","2018-01-02 00:00:00",""
"154244675","28395000","2","","2018-01-02 00:00:00",""
"154244676","46548558","2","","2018-01-02 00:00:00",""
"154244677","48054178","15","","2018-01-02 00:00:00",""
"154244678","46698018","2","","2018-01-02 00:00:00",""
"154244679","48054445","3","","2018-01-02 00:00:00",""
"154244680","48051220","2","","2018-01-02 00:00:00",""
"154244681","6441629","2","","2018-01-02 00:00:00",""
"154244682","12667119","2","","2018-01-02 00:00:00",""
"154244683","48054418","2","","2018-01-02 00:00:00",""
"154244684","20316035","2","","2018-01-02 00:00:00",""
"154244685","20321895","2","","2018-01-02 00:00:00",""
"154244687","47958951","10","","2018-01-02 00:00:00",""
"154244688","39584534","2","","2018-01-02 00:00:00",""
"154244689","39584534","5","1061371","2018-01-02 00:00:00",""
"154244690","32677591","2","","2018-01-02 00:00:00",""
"154244691","39584550","2","","2018-01-02 00:00:00",""
"154244692","1720432","2","","2018-01-02 00:00:00",""
"154244693","34528938","2","","2018-01-02 00:00:00",""
"154244694","40987389","2","","2018-01-02 00:00:00",""
"154244695","48054394","2","","2018-01-02 00:00:00",""
"154244697","46352230","2","","2018-01-02 00:00:00",""
"154244698","5538182","2","","2018-01-02 00:00:00",""
"154244699","48047133","3","","2018-01-02 00:00:00",""
"154244700","29576008","2","","2018-01-02 00:00:00",""
"154244701","11563638","5","8883008","2018-01-02 00:00:00",""
"154244702","48054453","1","","2018-01-02 00:00:00",""
"154244703","38572104","2","","2018-01-02 00:00:00",""
"154244704","10313272","2","","2018-01-02 00:00:00",""
"154244705","46803660","1","","2018-01-02 00:00:00",""
"154244706","48054444","2","","2018-01-02 00:00:00",""
"154244707","48047068","3","","2018-01-02 00:00:00",""
"154244708","48053116","3","","2018-01-02 00:00:00",""
"154244709","37508703","2","","2018-01-02 00:00:00",""
"154244711","48054344","2","","2018-01-02 00:00:00",""
"154244712","44013914","2","","2018-01-02 00:00:00",""
"154244713","48054423","1","","2018-01-02 00:00:00",""
"154244714","38418622","2","","2018-01-02 00:00:00",""
"154244715","42677096","2","","2018-01-02 00:00:00",""
"154244716","42677786","2","","2018-01-02 00:00:00",""
"154244717","34674114","2","","2018-01-02 00:00:00",""
"154244718","48037920","10","","2018-01-02 00:00:00",""
"154244719","38548098","3","","2018-01-02 00:00:00",""
"154244720","20693327","2","","2018-01-02 00:00:00",""
"154244721","47476347","2","","2018-01-02 00:00:00",""
"154244722","40839075","2","","2018-01-02 00:00:00",""